,item_number,condition_answer_x,condition,condition_context_x,helpfulness,posterior,prior,kl,kl_exp,entropy_reduction,Input.list,anon_id,answer,condition_answer_y,condition_context_y,context,experiment,passed,response,slider_position
0,1,high-certainty,context-low-bias answer-high-certainty,low-bias,0.8627,0.9803580137000001,0.7852875355000001,0.3392827550851855,0.28771898046743594,0.42349126858463865,0,adb108e1c1f7b9c38be07ce5d11be5e53e47b6b16ac43c5d4f69934f00dfa4dd,It's going to rain this afternoon.,high-certainty,low-bias,"It's the day of Kim and Sam's wedding. The wedding is at a beautiful beachside mansion. Last you heard, Kim wanted to have the ceremony on the beach, but Sam wanted to have it in the mansion ballroom.",helpfulness,True,0.8627,0.8627
1,1,exhaustive-answer,context-negative-bias answer-exhaustive-answer,negative-bias,1.0,0.5893149965000001,0.0254997668,0.7619872467494933,0.5332620187460604,-0.558374209441403,4,590540bbc88a4a9dfa458f6dfffb993100ae2c69fd626babb0c8b70712154f3d,It'll be in the ballroom.,exhaustive-answer,negative-bias,"It's the day of Kim and Sam's wedding. The wedding is at a beautiful beachside mansion. Last you heard, the plan was to have the ceremony on the beach, and the reception in the mansion ballroom.",helpfulness,True,1.0,1.0
2,1,high-certainty,context-negative-bias answer-high-certainty,negative-bias,0.5405,0.9272377565000001,0.0254997668,2.4369281728921823,0.9125709938201533,-0.14199342453216174,5,a0621e085154f26a0894d27419742f3a1c5433b4ab4350c52cf0749009adbf8a,It's going to rain this afternoon.,high-certainty,negative-bias,"It's the day of Kim and Sam's wedding. The wedding is at a beautiful beachside mansion. Last you heard, the plan was to have the ceremony on the beach, and the reception in the mansion ballroom.",helpfulness,True,0.5405,0.5405
3,1,low-certainty,context-negative-bias answer-low-certainty,negative-bias,0.2149,0.44641453070000003,0.0254997668,0.4780931763366728,0.3800355717235967,-0.5686606462996506,6,b694ef4ac331c8abf39d2b41e1a7f1d16d7f282dc1308461c7e906cbc06856b7,It's going to be cloudy this afternoon.,low-certainty,negative-bias,"It's the day of Kim and Sam's wedding. The wedding is at a beautiful beachside mansion. Last you heard, the plan was to have the ceremony on the beach, and the reception in the mansion ballroom.",helpfulness,True,0.2149,0.2149
4,1,non-answer,context-negative-bias answer-non-answer,negative-bias,0.0,0.0069205727000000005,0.0254997668,0.014851746754163807,0.014742003527944303,0.07741833011675371,7,992786ab4097d1033cd4d8d64a9209e25590a6e4202fa7feccde4136ae77caf5,There are supposed to be 100 guests.,non-answer,negative-bias,"It's the day of Kim and Sam's wedding. The wedding is at a beautiful beachside mansion. Last you heard, the plan was to have the ceremony on the beach, and the reception in the mansion ballroom.",helpfulness,True,0.0,0.0
5,1,low-certainty,context-positive-bias answer-low-certainty,positive-bias,0.23240000000000002,0.1072512095,0.8230499833,1.3908641079168413,0.7511398303476479,0.1260075472456033,11,858224efa47e4a38e69e6089acf703710f3f10a0cd763076a45829330b79157b,It's going to be cloudy this afternoon.,low-certainty,positive-bias,"It's the day of Kim and Sam's wedding. The wedding is at a beautiful beachside mansion. You're not sure if the ceremony is supposed to be on the beach or in the mansion, but last you heard they were planning on having it indoors.",helpfulness,True,0.23240000000000002,0.23240000000000002
6,2,low-certainty,context-low-bias answer-low-certainty,low-bias,0.2606,0.9839631259,0.655494785,0.790412057853058,0.5463421765053675,0.561792812475364,0,adb108e1c1f7b9c38be07ce5d11be5e53e47b6b16ac43c5d4f69934f00dfa4dd,There is ground beef in the kitchen.,low-certainty,low-bias,"After a long day of school, you come home starving, and wondering what Mom is cooking for dinner. It's Tuesday, which has been hamburger night the last couple weeks. ",helpfulness,True,0.2606,0.2606
7,2,high-certainty,context-negative-bias answer-high-certainty,negative-bias,0.20770000000000002,0.655494785,0.0527715528,0.8251026764183127,0.5618100016245009,-0.4373822010450614,4,590540bbc88a4a9dfa458f6dfffb993100ae2c69fd626babb0c8b70712154f3d,There are hamburger buns in the kitchen.,high-certainty,negative-bias,"After a long day of school, you come home starving, and wondering what Mom is cooking for dinner. It's Thursday, which used to be hamburger night, but lately, Mom has stopped making hamburgers because they're too ""unhealthy"".",helpfulness,True,0.20770000000000002,0.20770000000000002
8,2,low-certainty,context-negative-bias answer-low-certainty,negative-bias,0.9175000000000001,0.7326931006,0.0527715528,1.0595503009801537,0.653388353794623,-0.37396535313629153,5,a0621e085154f26a0894d27419742f3a1c5433b4ab4350c52cf0749009adbf8a,There is ground beef in the kitchen.,low-certainty,negative-bias,"After a long day of school, you come home starving, and wondering what Mom is cooking for dinner. It's Thursday, which used to be hamburger night, but lately, Mom has stopped making hamburgers because they're too ""unhealthy"".",helpfulness,True,0.9175000000000001,0.9175000000000001
9,2,non-answer,context-negative-bias answer-non-answer,negative-bias,0.035,0.18237839390000002,0.0527715528,0.07393320938999028,0.0712662775383408,-0.26838443058882455,6,b694ef4ac331c8abf39d2b41e1a7f1d16d7f282dc1308461c7e906cbc06856b7,We're having ice cream for dessert.,non-answer,negative-bias,"After a long day of school, you come home starving, and wondering what Mom is cooking for dinner. It's Thursday, which used to be hamburger night, but lately, Mom has stopped making hamburgers because they're too ""unhealthy"".",helpfulness,True,0.035,0.035
10,2,reductive-answer,context-negative-bias answer-reductive-answer,negative-bias,0.7445,0.2766835298,0.0527715528,0.1680240138123914,0.1546664652399915,-0.383197262358821,7,992786ab4097d1033cd4d8d64a9209e25590a6e4202fa7feccde4136ae77caf5,We'll have hamburgers if Mom had a tough day at work.,reductive-answer,negative-bias,"After a long day of school, you come home starving, and wondering what Mom is cooking for dinner. It's Thursday, which used to be hamburger night, but lately, Mom has stopped making hamburgers because they're too ""unhealthy"".",helpfulness,True,0.7445,0.7445
11,2,non-answer,context-positive-bias answer-non-answer,positive-bias,0.0,1.0,0.8571983958,inf,1.0,0.41001679377698963,11,858224efa47e4a38e69e6089acf703710f3f10a0cd763076a45829330b79157b,We're having ice cream for dessert.,non-answer,positive-bias,"After a long day of school, you come home starving, and wondering what Mom is cooking for dinner. It's Thursday, which is usually hamburger night.",helpfulness,True,0.0,0.0
12,3,non-answer,context-low-bias answer-non-answer,low-bias,0.0,0.5723173442,0.5052498928,0.009096315882993797,0.009055069559611328,0.010441249117528528,0,adb108e1c1f7b9c38be07ce5d11be5e53e47b6b16ac43c5d4f69934f00dfa4dd,He works in the IT department.,non-answer,low-bias,"Joe is the new guy at work, and he's pretty cute. You're thinking of asking him on a date, but if he's married that would be pretty awkward.",helpfulness,True,0.0,0.0
13,3,low-certainty,context-negative-bias answer-low-certainty,negative-bias,0.0,0.6655249299,0.15761915140000002,0.5510480715561468,0.42365455753936176,-0.20160191244816983,4,590540bbc88a4a9dfa458f6dfffb993100ae2c69fd626babb0c8b70712154f3d,He lives in the suburbs.,low-certainty,negative-bias,"Joe is the new guy at work, and he's pretty cute. You're thinking of asking him on a date, but if he's married that would be pretty awkward. On the other hand, you saw him come to company picnic last week without a plus-one.",helpfulness,True,0.0,0.0
14,3,non-answer,context-negative-bias answer-non-answer,negative-bias,0.036000000000000004,0.2313186575,0.15761915140000002,0.016659788166697262,0.01652178134675153,-0.10516407131490746,5,a0621e085154f26a0894d27419742f3a1c5433b4ab4350c52cf0749009adbf8a,He works in the IT department.,non-answer,negative-bias,"Joe is the new guy at work, and he's pretty cute. You're thinking of asking him on a date, but if he's married that would be pretty awkward. On the other hand, you saw him come to company picnic last week without a plus-one.",helpfulness,True,0.036000000000000004,0.036000000000000004
15,3,reductive-answer,context-negative-bias answer-reductive-answer,negative-bias,0.2306,0.10103652090000001,0.15761915140000002,0.01532984705341698,0.015212943083757202,0.1083462240510763,6,b694ef4ac331c8abf39d2b41e1a7f1d16d7f282dc1308461c7e906cbc06856b7,He's not engaged.,reductive-answer,negative-bias,"Joe is the new guy at work, and he's pretty cute. You're thinking of asking him on a date, but if he's married that would be pretty awkward. On the other hand, you saw him come to company picnic last week without a plus-one.",helpfulness,True,0.2306,0.2306
16,3,exhaustive-answer,context-positive-bias answer-exhaustive-answer,positive-bias,1.0,0.9976078065,0.7416996250000001,0.9894881905279451,0.6282330838325312,0.5544441247259312,7,992786ab4097d1033cd4d8d64a9209e25590a6e4202fa7feccde4136ae77caf5,He's married to his high school sweetheart.,exhaustive-answer,positive-bias,"Joe is the new guy at work, and he's pretty cute. You're thinking of asking him on a date, but if he's married it would be pretty awkward, and you heard he has two children.",helpfulness,True,1.0,1.0
17,3,reductive-answer,context-positive-bias answer-reductive-answer,positive-bias,0.6831,0.8259627369,0.7416996250000001,0.022180040908752183,0.021935872355941965,0.10904123718247061,11,858224efa47e4a38e69e6089acf703710f3f10a0cd763076a45829330b79157b,He's not engaged.,reductive-answer,positive-bias,"Joe is the new guy at work, and he's pretty cute. You're thinking of asking him on a date, but if he's married it would be pretty awkward, and you heard he has two children.",helpfulness,True,0.6831,0.6831
18,4,exhaustive-answer,context-low-bias answer-exhaustive-answer,low-bias,1.0,0.9049327538,0.039464894300000004,2.098005669755691,0.8772991095003431,-0.14786759216376563,11,858224efa47e4a38e69e6089acf703710f3f10a0cd763076a45829330b79157b,She was born and raised in Madrid.,exhaustive-answer,low-bias,"Maria is the new foreign exchange student at school. You want to introduce yourself, but you forgot where she is from. You know it's a big city where they don't speak English, but where?",helpfulness,True,1.0,1.0
19,4,reductive-answer,context-low-bias answer-reductive-answer,low-bias,0.3204,0.5146976473,0.039464894300000004,0.5544225330331276,0.4255961353003056,-0.5264752680327373,0,adb108e1c1f7b9c38be07ce5d11be5e53e47b6b16ac43c5d4f69934f00dfa4dd,She's either from Madrid or Moscow.,reductive-answer,low-bias,"Maria is the new foreign exchange student at school. You want to introduce yourself, but you forgot where she is from. You know it's a big city where they don't speak English, but where?",helpfulness,True,0.3204,0.3204
20,4,non-answer,context-negative-bias answer-non-answer,negative-bias,0.0,0.0049188865000000005,0.020415348,0.01368005448679252,0.013586907775880785,0.06860215909433268,4,590540bbc88a4a9dfa458f6dfffb993100ae2c69fd626babb0c8b70712154f3d,She's a talented singer.,non-answer,negative-bias,"Maria is the new foreign exchange student at school. You want to introduce yourself, but you forgot where she is from. You know it's a big city somewhere.",helpfulness,True,0.0,0.0
21,4,reductive-answer,context-negative-bias answer-reductive-answer,negative-bias,0.5567,0.5579053583,0.020415348,0.7118301523418484,0.5092547634497471,-0.5867748463705206,5,a0621e085154f26a0894d27419742f3a1c5433b4ab4350c52cf0749009adbf8a,She's either from Madrid or Moscow.,reductive-answer,negative-bias,"Maria is the new foreign exchange student at school. You want to introduce yourself, but you forgot where she is from. You know it's a big city somewhere.",helpfulness,True,0.5567,0.5567
22,4,exhaustive-answer,context-positive-bias answer-exhaustive-answer,positive-bias,1.0,0.9222186482,0.457756011,0.7323037835489437,0.5191999460483734,0.4162568765629364,6,b694ef4ac331c8abf39d2b41e1a7f1d16d7f282dc1308461c7e906cbc06856b7,She was born and raised in Madrid.,exhaustive-answer,positive-bias,"Maria is the new foreign exchange student at school. You want to introduce yourself, but you forgot where she is from. You know it's a big city in Europe.",helpfulness,True,1.0,1.0
23,4,high-certainty,context-positive-bias answer-high-certainty,positive-bias,0.7989,0.2139852813,0.457756011,0.14677777567134195,0.13651415634123087,0.17038458946750934,7,992786ab4097d1033cd4d8d64a9209e25590a6e4202fa7feccde4136ae77caf5,She's from Spain.,high-certainty,positive-bias,"Maria is the new foreign exchange student at school. You want to introduce yourself, but you forgot where she is from. You know it's a big city in Europe.",helpfulness,True,0.7989,0.7989
24,5,high-certainty,context-low-bias answer-high-certainty,low-bias,1.0,1.0,0.4473088737,inf,1.0,0.6875841475225142,11,858224efa47e4a38e69e6089acf703710f3f10a0cd763076a45829330b79157b,I heard voices coming from inside.,high-certainty,low-bias,"You're a burglar trying to rob a house with your accomplice Chris. You've been staking out a good looking house for the last week, and noticed that the family often goes out to dinner around this time.",helpfulness,True,1.0,1.0
25,5,exhaustive-answer,context-negative-bias answer-exhaustive-answer,negative-bias,1.0,0.7908384605000001,0.0550871875,1.2781531014770724,0.7214487183778497,-0.2996135795773353,0,adb108e1c1f7b9c38be07ce5d11be5e53e47b6b16ac43c5d4f69934f00dfa4dd,The whole family is inside the house.,exhaustive-answer,negative-bias,"You're a burglar, trying to rob a house with your accomplice Chris. You've been staking out a good looking house for the last week, and noticed that the family seems to have left for vacation.",helpfulness,True,1.0,1.0
26,5,reductive-answer,context-negative-bias answer-reductive-answer,negative-bias,0.6831,0.20545227370000002,0.0550871875,0.09126083877207097,0.08722040846259316,-0.2946385334306176,4,590540bbc88a4a9dfa458f6dfffb993100ae2c69fd626babb0c8b70712154f3d,"If there are two cars in the driveway, then someone is home.",reductive-answer,negative-bias,"You're a burglar, trying to rob a house with your accomplice Chris. You've been staking out a good looking house for the last week, and noticed that the family seems to have left for vacation.",helpfulness,True,0.6831,0.6831
27,5,exhaustive-answer,context-positive-bias answer-exhaustive-answer,positive-bias,0.9893000000000001,1.0,0.7509825145,inf,1.0,0.561253165635977,5,a0621e085154f26a0894d27419742f3a1c5433b4ab4350c52cf0749009adbf8a,The whole family is inside the house.,exhaustive-answer,positive-bias,"You're a burglar trying to rob a house with your accomplice Chris. You've been staking out a good looking house for the last week, and noticed that the family usually watches TV together around this time.",helpfulness,True,0.9893000000000001,0.9893000000000001
28,5,high-certainty,context-positive-bias answer-high-certainty,positive-bias,0.8408,0.9035421742,0.7509825145,0.09728545594323604,0.09270302414987186,0.2440235950039889,6,b694ef4ac331c8abf39d2b41e1a7f1d16d7f282dc1308461c7e906cbc06856b7,I heard voices coming from inside.,high-certainty,positive-bias,"You're a burglar trying to rob a house with your accomplice Chris. You've been staking out a good looking house for the last week, and noticed that the family usually watches TV together around this time.",helpfulness,True,0.8408,0.8408
29,5,low-certainty,context-positive-bias answer-low-certainty,positive-bias,0.927,0.9299221358,0.7509825145,0.15523444244807333,0.14378557905331635,0.30741285476744445,7,992786ab4097d1033cd4d8d64a9209e25590a6e4202fa7feccde4136ae77caf5,There's a light on.,low-certainty,positive-bias,"You're a burglar trying to rob a house with your accomplice Chris. You've been staking out a good looking house for the last week, and noticed that the family usually watches TV together around this time.",helpfulness,True,0.927,0.927
30,6,low-certainty,context-low-bias answer-low-certainty,low-bias,0.2535,0.15558724570000002,0.1538846092,1.106580173396111e-05,1.1065740508242605e-05,-0.0028909643964776244,11,858224efa47e4a38e69e6089acf703710f3f10a0cd763076a45829330b79157b,I saw someone with a slice yesterday.,low-certainty,low-bias,"It's afternoon at the office and you're ready for a snack. There was a birthday party for Lily earlier in the week, and the cake was delicious.",helpfulness,True,0.2535,0.2535
31,6,high-certainty,context-negative-bias answer-high-certainty,negative-bias,0.7148,0.0,0.0272763965,inf,1.0,0.12514327875670694,0,adb108e1c1f7b9c38be07ce5d11be5e53e47b6b16ac43c5d4f69934f00dfa4dd,The cake box is still on the counter in the kitchen.,high-certainty,negative-bias,"It's afternoon at the office and you're ready for a snack. There was a birthday party for Lily earlier in the week, and the cake was so delicious that the party-goers barely left any behind.",helpfulness,True,0.7148,0.7148
32,6,exhaustive-answer,context-positive-bias answer-exhaustive-answer,positive-bias,1.0,0.9040646508,0.9854371708,0.05747552924122659,0.055855005951864545,-0.24001251071368837,4,590540bbc88a4a9dfa458f6dfffb993100ae2c69fd626babb0c8b70712154f3d,There are three slices left.,exhaustive-answer,positive-bias,"It's afternoon at the office and you're ready for a snack. There was a birthday party for Lily earlier in the week, and the cake was so big that the party-goers barely made a dent in it.",helpfulness,True,1.0,1.0
33,6,high-certainty,context-positive-bias answer-high-certainty,positive-bias,0.9574,0.2907447541,0.9854371708,1.1462762424494146,0.6821819540313699,-0.5267705794955737,5,a0621e085154f26a0894d27419742f3a1c5433b4ab4350c52cf0749009adbf8a,The cake box is still on the counter in the kitchen.,high-certainty,positive-bias,"It's afternoon at the office and you're ready for a snack. There was a birthday party for Lily earlier in the week, and the cake was so big that the party-goers barely made a dent in it.",helpfulness,True,0.9574,0.9574
34,6,low-certainty,context-positive-bias answer-low-certainty,positive-bias,0.074,0.9602356182,0.9854371708,0.010901055455738296,0.010841854264479478,-0.09114801837777176,6,b694ef4ac331c8abf39d2b41e1a7f1d16d7f282dc1308461c7e906cbc06856b7,I saw someone with a slice yesterday.,low-certainty,positive-bias,"It's afternoon at the office and you're ready for a snack. There was a birthday party for Lily earlier in the week, and the cake was so big that the party-goers barely made a dent in it.",helpfulness,True,0.074,0.074
35,6,non-answer,context-positive-bias answer-non-answer,positive-bias,0.034,0.9451874073000001,0.9854371708,0.02179257986598596,0.021556837183213107,-0.13640230269956122,7,992786ab4097d1033cd4d8d64a9209e25590a6e4202fa7feccde4136ae77caf5,"The cake was half chocolate, half vanilla.",non-answer,positive-bias,"It's afternoon at the office and you're ready for a snack. There was a birthday party for Lily earlier in the week, and the cake was so big that the party-goers barely made a dent in it.",helpfulness,True,0.034,0.034
36,7,non-answer,context-low-bias answer-non-answer,low-bias,0.0,0.1172933952,0.2076029254,0.03300702465963236,0.03246823701615831,0.14926600306808901,11,858224efa47e4a38e69e6089acf703710f3f10a0cd763076a45829330b79157b,Lauren had sushi for lunch.,non-answer,low-bias,"You and your colleague Lauren are CIA analysts. Lauren is a star employee with good credentials and a brilliant knack for puzzle solving. But she is also a bit secretive---not entirely unexpected given your line of work, but your training causes you to dwell on some suspicious details from your conversations. On Monday your boss told you confidentially that your department is under investigation because the director suspects that a mole is leaking information to a foreign power.",helpfulness,True,0.0,0.0
37,7,low-certainty,context-negative-bias answer-low-certainty,negative-bias,0.1373,0.4982000043,0.1021059754,0.3606030312578647,0.3027442677331109,-0.3634549137732436,0,adb108e1c1f7b9c38be07ce5d11be5e53e47b6b16ac43c5d4f69934f00dfa4dd,She has weekly meetings with her phone turned off.,low-certainty,negative-bias,You and your colleague Lauren are CIA analysts. Lauren is a star employee with good credentials and a brilliant knack for puzzle solving. She seems completely loyal to the agency. On Monday your boss told you confidentially that your department is under investigation because the director suspects that a mole is leaking information to a foreign power.,helpfulness,True,0.1373,0.1373
38,7,high-certainty,context-positive-bias answer-high-certainty,positive-bias,1.0,0.1464230044,0.91309448,1.4727274325315602,0.7707007666433839,-0.12113466755137342,4,590540bbc88a4a9dfa458f6dfffb993100ae2c69fd626babb0c8b70712154f3d,She was caught carrying a sensitive document outside the office.,high-certainty,positive-bias,"You and your colleague Lauren are CIA analysts. Lauren is a star employee with good credentials and a brilliant knack for puzzle solving. But lately you have noticed some suspicious things about her habits. She is almost always the last to leave, but one time when you stayed to work late, you noticed her talking to a shady figure in the parking lot. Another time, you could have sworn you saw her slip some documents into her bag before leaving---documents that are not supposed to leave the office. On Monday your boss told you confidentially that your department is under investigation because the director suspects that a mole is leaking information to a foreign power.",helpfulness,True,1.0,1.0
39,7,low-certainty,context-positive-bias answer-low-certainty,positive-bias,0.6821,0.7092552459,0.91309448,0.12572026902069836,0.11813850373598433,-0.30749792604046244,5,a0621e085154f26a0894d27419742f3a1c5433b4ab4350c52cf0749009adbf8a,She has weekly meetings with her phone turned off.,low-certainty,positive-bias,"You and your colleague Lauren are CIA analysts. Lauren is a star employee with good credentials and a brilliant knack for puzzle solving. But lately you have noticed some suspicious things about her habits. She is almost always the last to leave, but one time when you stayed to work late, you noticed her talking to a shady figure in the parking lot. Another time, you could have sworn you saw her slip some documents into her bag before leaving---documents that are not supposed to leave the office. On Monday your boss told you confidentially that your department is under investigation because the director suspects that a mole is leaking information to a foreign power.",helpfulness,True,0.6821,0.6821
40,7,non-answer,context-positive-bias answer-non-answer,positive-bias,0.0,0.6948368933,0.91309448,0.1402674274005275,0.13087422372985835,-0.3198564751322578,6,b694ef4ac331c8abf39d2b41e1a7f1d16d7f282dc1308461c7e906cbc06856b7,Lauren had sushi for lunch.,non-answer,positive-bias,"You and your colleague Lauren are CIA analysts. Lauren is a star employee with good credentials and a brilliant knack for puzzle solving. But lately you have noticed some suspicious things about her habits. She is almost always the last to leave, but one time when you stayed to work late, you noticed her talking to a shady figure in the parking lot. Another time, you could have sworn you saw her slip some documents into her bag before leaving---documents that are not supposed to leave the office. On Monday your boss told you confidentially that your department is under investigation because the director suspects that a mole is leaking information to a foreign power.",helpfulness,True,0.0,0.0
41,7,reductive-answer,context-positive-bias answer-reductive-answer,positive-bias,0.7125,0.5944659543,0.91309448,0.2580103459961859,0.2274127611190475,-0.3798725712304687,7,992786ab4097d1033cd4d8d64a9209e25590a6e4202fa7feccde4136ae77caf5,She's the mole if she leaves the country tomorrow.,reductive-answer,positive-bias,"You and your colleague Lauren are CIA analysts. Lauren is a star employee with good credentials and a brilliant knack for puzzle solving. But lately you have noticed some suspicious things about her habits. She is almost always the last to leave, but one time when you stayed to work late, you noticed her talking to a shady figure in the parking lot. Another time, you could have sworn you saw her slip some documents into her bag before leaving---documents that are not supposed to leave the office. On Monday your boss told you confidentially that your department is under investigation because the director suspects that a mole is leaking information to a foreign power.",helpfulness,True,0.7125,0.7125
42,8,exhaustive-answer,context-low-bias answer-exhaustive-answer,low-bias,1.0,1.0,0.6948368933,inf,1.0,0.6151757263927874,7,992786ab4097d1033cd4d8d64a9209e25590a6e4202fa7feccde4136ae77caf5,Tony got Ethan The Joy of Cooking.,exhaustive-answer,low-bias,Tony got Ethan a book-shaped birthday gift. The book looks big and is probably a hardcover. You wonder if it could be a cool new cookbook.,helpfulness,True,1.0,1.0
43,8,reductive-answer,context-low-bias answer-reductive-answer,low-bias,0.8099000000000001,0.9014401805000001,0.6948368933,0.16401253165716032,0.15126861419718507,0.29326872541252313,11,858224efa47e4a38e69e6089acf703710f3f10a0cd763076a45829330b79157b,"If Tony knows Ethan likes to cook, then he got him a cookbook.",reductive-answer,low-bias,Tony got Ethan a book-shaped birthday gift. The book looks big and is probably a hardcover. You wonder if it could be a cool new cookbook.,helpfulness,True,0.8099000000000001,0.8099000000000001
44,8,non-answer,context-negative-bias answer-non-answer,negative-bias,0.0,0.0034093471,0.014966766800000001,0.010650364920764028,0.010593850594963428,0.05497057571156405,0,adb108e1c1f7b9c38be07ce5d11be5e53e47b6b16ac43c5d4f69934f00dfa4dd,Ethan's sister gave him fuzzy socks.,non-answer,negative-bias,Tony got Ethan a book-shaped birthday gift. The book looks big and is probably a hardcover. You know that Ethan loves long fantasy novels.,helpfulness,True,0.0,0.0
45,8,low-certainty,context-positive-bias answer-low-certainty,positive-bias,0.9648,0.7686813425,0.7043829051,0.010974702949900786,0.010914700600735294,0.0662400222331363,4,590540bbc88a4a9dfa458f6dfffb993100ae2c69fd626babb0c8b70712154f3d,Tony asked about cookbook recommendations the other day.,low-certainty,positive-bias,"Tony got Ethan a book-shaped birthday gift. The book looks big and is probably a hardcover. You know that Ethan is really into cooking, so the first possibility that comes to your mind is that Tony got him a cookbook.",helpfulness,True,0.9648,0.9648
46,8,non-answer,context-positive-bias answer-non-answer,positive-bias,0.0,0.9795846520000001,0.7043829051,0.5578087861345092,0.427537922621429,0.5074536079416442,5,a0621e085154f26a0894d27419742f3a1c5433b4ab4350c52cf0749009adbf8a,Ethan's sister gave him fuzzy socks.,non-answer,positive-bias,"Tony got Ethan a book-shaped birthday gift. The book looks big and is probably a hardcover. You know that Ethan is really into cooking, so the first possibility that comes to your mind is that Tony got him a cookbook.",helpfulness,True,0.0,0.0
47,8,reductive-answer,context-positive-bias answer-reductive-answer,positive-bias,0.614,0.8050530701,0.7043829051,0.028980766570242775,0.028564851683384185,0.11378773195531222,6,b694ef4ac331c8abf39d2b41e1a7f1d16d7f282dc1308461c7e906cbc06856b7,"If Tony knows Ethan likes to cook, then he got him a cookbook.",reductive-answer,positive-bias,"Tony got Ethan a book-shaped birthday gift. The book looks big and is probably a hardcover. You know that Ethan is really into cooking, so the first possibility that comes to your mind is that Tony got him a cookbook.",helpfulness,True,0.614,0.614
48,9,exhaustive-answer,context-low-bias answer-exhaustive-answer,low-bias,0.7861,0.9845839876,0.9040646508,0.09826222187928865,0.09358880825746918,0.23644156131634814,6,b694ef4ac331c8abf39d2b41e1a7f1d16d7f282dc1308461c7e906cbc06856b7,It's open all week.,exhaustive-answer,low-bias,"After a rowdy Sunday night, you wake up with a burning desire for pizza. Since you recently moved to the neighborhood, you're not sure whether your favorite pizza place is open on Mondays.",helpfulness,True,0.7861,0.7861
49,9,high-certainty,context-low-bias answer-high-certainty,low-bias,1.0,0.9982925924,0.9040646508,0.29686060424544986,0.25685240323784786,0.30347222793171125,7,992786ab4097d1033cd4d8d64a9209e25590a6e4202fa7feccde4136ae77caf5,Google maps says it's open on Monday.,high-certainty,low-bias,"After a rowdy Sunday night, you wake up with a burning desire for pizza. Since you recently moved to the neighborhood, you're not sure whether your favorite pizza place is open on Mondays.",helpfulness,True,1.0,1.0
50,9,exhaustive-answer,context-negative-bias answer-exhaustive-answer,negative-bias,1.0,0.0590626992,0.3148007954,0.3094464009124016,0.2661468957987412,0.3985074706709856,11,858224efa47e4a38e69e6089acf703710f3f10a0cd763076a45829330b79157b,It's open all week.,exhaustive-answer,negative-bias,"After a rowdy Sunday night, you wake up with a burning desire for pizza. You wonder whether your favorite pizza place is open, but you remember another similar Monday when you found that it was closed.",helpfulness,True,1.0,1.0
51,9,reductive-answer,context-negative-bias answer-reductive-answer,negative-bias,1.0,0.11700930470000001,0.3148007954,0.1377841403503353,0.1287132528997268,0.26196456797750123,0,adb108e1c1f7b9c38be07ce5d11be5e53e47b6b16ac43c5d4f69934f00dfa4dd,"If it's closed on Sunday, then it's open on Monday.",reductive-answer,negative-bias,"After a rowdy Sunday night, you wake up with a burning desire for pizza. You wonder whether your favorite pizza place is open, but you remember another similar Monday when you found that it was closed.",helpfulness,True,1.0,1.0
52,9,non-answer,context-positive-bias answer-non-answer,positive-bias,0.0,0.900999835,0.9252159336,0.0035604713970873066,0.003554140434768205,-0.0570389053764509,4,590540bbc88a4a9dfa458f6dfffb993100ae2c69fd626babb0c8b70712154f3d,Weekend hours are 10am to 10pm.,non-answer,positive-bias,"After a rowdy Sunday night, you wake up with a burning desire for pizza. You have a hazy memory of getting pizza from your favorite place on a Monday under similar circumstances, but you still wonder if the pizza place is open today.",helpfulness,True,0.0,0.0
53,9,reductive-answer,context-positive-bias answer-reductive-answer,positive-bias,0.9813000000000001,0.9588459589,0.9252159336,0.011633984094513272,0.011566570982505575,0.09424706698348717,5,a0621e085154f26a0894d27419742f3a1c5433b4ab4350c52cf0749009adbf8a,"If it's closed on Sunday, then it's open on Monday.",reductive-answer,positive-bias,"After a rowdy Sunday night, you wake up with a burning desire for pizza. You have a hazy memory of getting pizza from your favorite place on a Monday under similar circumstances, but you still wonder if the pizza place is open today.",helpfulness,True,0.9813000000000001,0.9813000000000001
54,10,exhaustive-answer,context-low-bias answer-exhaustive-answer,low-bias,1.0,1.0,0.7639243754,inf,1.0,0.5465140051533994,5,a0621e085154f26a0894d27419742f3a1c5433b4ab4350c52cf0749009adbf8a,Adam was very happy to learn that they got the part.,exhaustive-answer,low-bias,"Your friend Adam grew up listening to the Les Miserables soundtrack. This year, the school's drama club is putting on the show, and (naturally) Adam auditioned for the lead role. As a loyal friend, you are trying to find some information about how he did.",helpfulness,True,1.0,1.0
55,10,high-certainty,context-low-bias answer-high-certainty,low-bias,0.6805,0.2162912478,0.7639243754,0.6806889090238144,0.49373190046056203,0.024340328101989606,6,b694ef4ac331c8abf39d2b41e1a7f1d16d7f282dc1308461c7e906cbc06856b7,Everyone else got rejection letters.,high-certainty,low-bias,"Your friend Adam grew up listening to the Les Miserables soundtrack. This year, the school's drama club is putting on the show, and (naturally) Adam auditioned for the lead role. As a loyal friend, you are trying to find some information about how he did.",helpfulness,True,0.6805,0.6805
56,10,low-certainty,context-low-bias answer-low-certainty,low-bias,0.0,0.5,0.7639243754,0.1466331754065458,0.13638928703174003,-0.14663317540654586,7,992786ab4097d1033cd4d8d64a9209e25590a6e4202fa7feccde4136ae77caf5,Buster got a rejection letter yesterday.,low-certainty,low-bias,"Your friend Adam grew up listening to the Les Miserables soundtrack. This year, the school's drama club is putting on the show, and (naturally) Adam auditioned for the lead role. As a loyal friend, you are trying to find some information about how he did.",helpfulness,True,0.0,0.0
57,10,high-certainty,context-negative-bias answer-high-certainty,negative-bias,0.1796,0.9091376823,0.1053430702,1.8191221527662214,0.83783195276079,0.03213835649219593,11,858224efa47e4a38e69e6089acf703710f3f10a0cd763076a45829330b79157b,Everyone else got rejection letters.,high-certainty,negative-bias,"Your friend Adam grew up listening to the Les Miserables soundtrack. This year, the school's drama club is putting on the show, and (naturally) Adam auditioned for the lead role. Adam is enthusiastic, but he never learned how to sing. As a loyal friend, you are trying to find some information about how he did.",helpfulness,True,0.1796,0.1796
58,10,exhaustive-answer,context-positive-bias answer-exhaustive-answer,positive-bias,1.0,0.7773499245000001,0.7643012168000001,0.0004852470240236783,0.0004851293107273058,0.015829411697050988,0,adb108e1c1f7b9c38be07ce5d11be5e53e47b6b16ac43c5d4f69934f00dfa4dd,Adam was very happy to learn that they got the part.,exhaustive-answer,positive-bias,"Your friend Adam grew up listening to the Les Miserables soundtrack. By age 10 he had memorized every song and occasionally put on full-length productions with his stuffed animals. This year, the school's drama club is putting on the show, and (naturally) Adam auditioned for the lead role. As a loyal friend, you are trying to find some information about how he did.",helpfulness,True,1.0,1.0
59,10,reductive-answer,context-positive-bias answer-reductive-answer,positive-bias,0.20420000000000002,0.2581706314,0.7643012168000001,0.5592837520033147,0.4283816622502059,-0.025063664677866027,4,590540bbc88a4a9dfa458f6dfffb993100ae2c69fd626babb0c8b70712154f3d,"If Buster got rejected, Adam got the part.",reductive-answer,positive-bias,"Your friend Adam grew up listening to the Les Miserables soundtrack. By age 10 he had memorized every song and occasionally put on full-length productions with his stuffed animals. This year, the school's drama club is putting on the show, and (naturally) Adam auditioned for the lead role. As a loyal friend, you are trying to find some information about how he did.",helpfulness,True,0.20420000000000002,0.20420000000000002
